duration_ms,tempo,energy,danceability,valence,acousticness,instrumentalness,key,mode,rmse,chroma_mean,spectral_contrast,spectral_rolloff,spectral_bandwidth,tempogram_strength,tonnetz,genre,file
200347,129.19921875,0.977460965514183,1.0,0.6177125390683156,0.10456524012414532,0.7477173799379273,4,0,0.23568598926067352,0.3258894085884094,1.0,6369.89155900977,2834.3185331019718,0.1918953721977849,0.06031751712447396,pop,Burn Out.mp3
320333,143.5546875,0.7713751494884491,1.0,0.6299074777210599,0.05424551273919977,0.7728772436304001,1,0,0.18763403594493866,0.24089379608631134,1.0,2399.026084893266,1715.3318628279303,0.16868768601652792,-0.059485202423611674,pop,Hoa Nở Không Màu (Acoustic Version).mp3
195558,83.35433467741936,0.5156165361404419,0.8658939592299923,0.6782178645296962,0.10490047015983023,0.7475497649200848,9,1,0.12919403612613678,0.30163314938545227,1.0,4172.134160650155,2073.36282352487,0.21509928096381192,-0.0009622242867043224,pop,"John Denver - Take Me Home, Country Roads (Official Audio) - (320 Kbps).mp3"
75139,161.4990234375,0.6159215793013573,1.0,0.6574362577157526,0.11098420122798888,0.7445078993860055,11,1,0.15611648559570312,0.22841954231262207,1.0,4559.052073679332,2169.5151650494336,0.13763717223049393,-0.007553876333833128,pop,Teto.mp3
134141,161.4990234375,0.8428623527288437,1.0,0.6590632413489241,0.1331828095253548,0.7334085952373226,2,0,0.2137039452791214,0.45138052105903625,1.0,5576.065434250876,2564.612506247538,0.1513147307450907,0.010063464446248406,pop,ループザルーム feat. 初音ミク  Looping the Rooms ft. Hatsune Miku.mp3
